{"Q": "GitHubリポジトリ提出がリアルタイム参加不可の場合どうすればよいですか？", "A": "次週講義で手順を案内し、フォーム提出に対応します。", "cluster": -1, "A_sum": "次週講義で手順を案内し、フォーム提出に対応します。"}
{"Q": "宿題提出フォームは複数回提出できますか？第1回だけ先に提出し、後から第2回を追記して再提出したいです。", "A": "フォームは回答後も「回答を編集」ボタンから修正可能です。まず第1回を提出し、後日第2回を追記して再提出していただけます。", "cluster": 2, "A_sum": "フォームは回答後も「回答を編集」ボタンから修正可能です。まず第1回を提出し、後日第2回を追記して再提出していただけます。"}
{"Q": "米国留学中で期末試験のため 4/30 までの宿題提出が困難です。それ以降の提出は認められますか？", "A": "大変恐縮ですが、宿題提出期限以降のご提出は受付致しかねます。多数の方にご受講いただいているため、個別事情へのご対応ができかねますこと、ご理解いただけますと幸いです。", "cluster": 5, "A_sum": "大変恐縮ですが、宿題提出期限以降のご提出は受付致しかねます。多数の方にご受講いただいているため、個別事情へのご対応ができかねますこと、ご理解いただけますと幸いです。"}
{"Q": "演習2を手順通り完了後 AWS をログアウトし、再ログインしたところモデル設定が元に戻っていました。運営による取組状況確認に支障はありませんか？変更を保持する方法があれば教えてください。実行コマンド: mkdir /tmp/testdir … npm install など。", "A": "取組状況の確認に支障はありません。宿題3完了後のアプリケーション公開 URL を提出いただければ問題ありません。CloudShell はセッション切断で /home 以外のデータが消えるため、fork した自身の GitHub リポジトリを利用するなどで変更を保持してください。", "cluster": 0, "A_sum": "取組状況の確認に支障はありません。宿題3完了後のアプリケーション公開 URL を提出いただければ問題ありません。"}
{"Q": "第1回宿題で GitHub リポジトリを fork するとデフォルトが master ブランチになります。main ではなく master のままで問題ありませんか？", "A": "master のままで大丈夫です。宿題資料も『デフォルトブランチ（main または master）にコミットされていること』と修正しました。別ブランチで開発すると評価できませんのでご注意ください。", "cluster": 3, "A_sum": "master のままで大丈夫です。宿題資料も『デフォルトブランチ（main または master）にコミットされていること』と修正しました。"}
{"Q": "第3回の任意課題は本日 17 時締切と理解していますが、GW 中のネットワーク不調で着手が遅れました。提出期限を延長していただくことは可能でしょうか？", "A": "提出期間を 1 週間延長しました。詳細は全体連絡チャンネルの案内 (<URL>) をご確認ください。", "cluster": 4, "A_sum": "提出期間を 1 週間延長しました。詳細は全体連絡チャンネルの案内 (<URL>) をご確認ください。"}
{"Q": "第3回宿題の採点がエラーで失敗しています。提出 csv が悪いのでしょうか？（1回目と2回目は同じ方法で提出して問題ありませんでした）", "A": "運営側の不手際で採点スクリプトに不具合がありました。再度採点を行い修正済みですので、あらためてスコアをご確認ください。", "cluster": 1, "A_sum": "運営側の不手際で採点スクリプトに不具合がありました。再度採点を行い修正済みですので、あらためてスコアをご確認ください。"}